-- phpMyAdmin SQL Dump
-- version 5.1.0
-- https://www.phpmyadmin.net/
--
-- Host: localhost:8889
-- Generation Time: May 16, 2022 at 07:25 AM
-- Server version: 5.7.32
-- PHP Version: 8.0.3

SET SQL_MODE = "NO_AUTO_VALUE_ON_ZERO";
START TRANSACTION;
SET time_zone = "+00:00";


/*!40101 SET @OLD_CHARACTER_SET_CLIENT=@@CHARACTER_SET_CLIENT */;
/*!40101 SET @OLD_CHARACTER_SET_RESULTS=@@CHARACTER_SET_RESULTS */;
/*!40101 SET @OLD_COLLATION_CONNECTION=@@COLLATION_CONNECTION */;
/*!40101 SET NAMES utf8mb4 */;

--
-- Database: `dbb`
--
CREATE DATABASE IF NOT EXISTS `dbb` DEFAULT CHARACTER SET utf8 COLLATE utf8_general_ci;
USE `dbb`;
--
-- Database: `khadamat`
--
CREATE DATABASE IF NOT EXISTS `khadamat` DEFAULT CHARACTER SET utf8 COLLATE utf8_general_ci;
USE `khadamat`;

-- --------------------------------------------------------

--
-- Table structure for table `activation_codes`
--

CREATE TABLE `activation_codes` (
  `id` bigint(20) UNSIGNED NOT NULL,
  `user_id` bigint(20) UNSIGNED NOT NULL,
  `code` varchar(255) COLLATE utf8mb4_unicode_ci NOT NULL,
  `used` tinyint(1) NOT NULL DEFAULT '0',
  `expired` datetime NOT NULL,
  `created_at` timestamp NULL DEFAULT NULL,
  `updated_at` timestamp NULL DEFAULT NULL
) ENGINE=InnoDB DEFAULT CHARSET=utf8mb4 COLLATE=utf8mb4_unicode_ci;

--
-- Dumping data for table `activation_codes`
--

INSERT INTO `activation_codes` (`id`, `user_id`, `code`, `used`, `expired`, `created_at`, `updated_at`) VALUES
(47, 1, '4099', 1, '2022-04-05 21:47:18', '2022-04-05 17:07:18', '2022-04-05 17:08:58'),
(48, 1, '8810', 1, '2022-04-05 21:48:25', '2022-04-05 17:08:25', '2022-04-05 17:09:01'),
(49, 1, '1150', 1, '2022-04-05 21:52:49', '2022-04-05 17:12:49', '2022-04-05 17:12:57'),
(50, 1, '1120', 1, '2022-04-05 21:53:02', '2022-04-05 17:13:02', '2022-04-05 17:13:09'),
(51, 1, '7182', 1, '2022-04-05 21:58:49', '2022-04-05 17:18:49', '2022-04-05 17:19:00'),
(53, 1, '3574', 0, '2022-04-05 22:00:23', '2022-04-05 17:20:23', '2022-04-05 17:20:23'),
(54, 1, '1481', 1, '2022-04-06 11:34:36', '2022-04-06 06:54:36', '2022-04-06 06:54:50'),
(55, 1, '6818', 1, '2022-04-07 12:10:31', '2022-04-07 07:30:31', '2022-04-07 07:30:41'),
(56, 1, '7286', 0, '2022-04-07 20:46:17', '2022-04-07 16:06:17', '2022-04-07 16:06:17'),
(57, 1, '2372', 1, '2022-04-07 20:46:57', '2022-04-07 16:06:57', '2022-04-07 16:07:03'),
(58, 1, '3483', 1, '2022-04-07 20:48:16', '2022-04-07 16:08:16', '2022-04-07 16:08:26'),
(59, 1, '1402', 0, '2022-04-17 20:13:26', '2022-04-17 15:33:26', '2022-04-17 15:33:26'),
(60, 2, '2166', 1, '2022-04-17 20:15:03', '2022-04-17 15:35:03', '2022-04-17 15:35:22'),
(61, 2, '2291', 1, '2022-04-25 15:59:06', '2022-04-25 11:19:06', '2022-04-25 11:19:28');

-- --------------------------------------------------------

--
-- Table structure for table `categories`
--

CREATE TABLE `categories` (
  `id` bigint(20) UNSIGNED NOT NULL,
  `title` varchar(255) COLLATE utf8mb4_unicode_ci NOT NULL,
  `icon` varchar(255) COLLATE utf8mb4_unicode_ci NOT NULL,
  `background` varchar(255) COLLATE utf8mb4_unicode_ci NOT NULL
) ENGINE=InnoDB DEFAULT CHARSET=utf8mb4 COLLATE=utf8mb4_unicode_ci;

--
-- Dumping data for table `categories`
--

INSERT INTO `categories` (`id`, `title`, `icon`, `background`) VALUES
(1, 'فرش', 'u/images/carpet.png', 'https://adsclean.ro/wp-content/uploads/2020/08/1592588547_350.jpg'),
(2, 'تمیز کردن', 'u/images/cleaning.png', 'https://i.pinimg.com/originals/6a/f0/f7/6af0f7098b75a3a266adaa0ecde8d8d6.jpg'),
(3, 'آشپزی کردن', 'u/images/cooking.png', ''),
(4, 'تاسیسات', 'u/images/plumbing.png', ''),
(5, 'شستشو', 'u/images/washing.png', '');

-- --------------------------------------------------------

--
-- Table structure for table `cities`
--

CREATE TABLE `cities` (
  `id` int(11) NOT NULL,
  `name` varchar(17) NOT NULL,
  `province_id` int(11) NOT NULL
) ENGINE=InnoDB DEFAULT CHARSET=utf8;

--
-- Dumping data for table `cities`
--

INSERT INTO `cities` (`id`, `name`, `province_id`) VALUES
(1, 'اسکو', 1),
(2, 'اهر', 1),
(3, 'ایلخچی', 1),
(4, 'آبش احمد', 1),
(5, 'آذرشهر', 1),
(6, 'آقکند', 1),
(7, 'باسمنج', 1),
(8, 'بخشایش', 1),
(9, 'بستان آباد', 1),
(10, 'بناب', 1),
(11, 'بناب جدید', 1),
(12, 'تبریز', 1),
(13, 'ترک', 1),
(14, 'ترکمانچای', 1),
(15, 'تسوج', 1),
(16, 'تیکمه داش', 1),
(17, 'جلفا', 1),
(18, 'خاروانا', 1),
(19, 'خامنه', 1),
(20, 'خراجو', 1),
(21, 'خسروشهر', 1),
(22, 'خضرلو', 1),
(23, 'خمارلو', 1),
(24, 'خواجه', 1),
(25, 'دوزدوزان', 1),
(26, 'زرنق', 1),
(27, 'زنوز', 1),
(28, 'سراب', 1),
(29, 'سردرود', 1),
(30, 'سهند', 1),
(31, 'سیس', 1),
(32, 'سیه رود', 1),
(33, 'شبستر', 1),
(34, 'شربیان', 1),
(35, 'شرفخانه', 1),
(36, 'شندآباد', 1),
(37, 'صوفیان', 1),
(38, 'عجب شیر', 1),
(39, 'قره آغاج', 1),
(40, 'کشکسرای', 1),
(41, 'کلوانق', 1),
(42, 'کلیبر', 1),
(43, 'کوزه کنان', 1),
(44, 'گوگان', 1),
(45, 'لیلان', 1),
(46, 'مراغه', 1),
(47, 'مرند', 1),
(48, 'ملکان', 1),
(49, 'ملک کیان', 1),
(50, 'ممقان', 1),
(51, 'مهربان', 1),
(52, 'میانه', 1),
(53, 'نظرکهریزی', 1),
(54, 'هادی شهر', 1),
(55, 'هرگلان', 1),
(56, 'هریس', 1),
(57, 'هشترود', 1),
(58, 'هوراند', 1),
(59, 'وایقان', 1),
(60, 'ورزقان', 1),
(61, 'یامچی', 1),
(62, 'ارومیه', 2),
(63, 'اشنویه', 2),
(64, 'ایواوغلی', 2),
(65, 'آواجیق', 2),
(66, 'باروق', 2),
(67, 'بازرگان', 2),
(68, 'بوکان', 2),
(69, 'پلدشت', 2),
(70, 'پیرانشهر', 2),
(71, 'تازه شهر', 2),
(72, 'تکاب', 2),
(73, 'چهاربرج', 2),
(74, 'خوی', 2),
(75, 'دیزج دیز', 2),
(76, 'ربط', 2),
(77, 'سردشت', 2),
(78, 'سرو', 2),
(79, 'سلماس', 2),
(80, 'سیلوانه', 2),
(81, 'سیمینه', 2),
(82, 'سیه چشمه', 2),
(83, 'شاهین دژ', 2),
(84, 'شوط', 2),
(85, 'فیرورق', 2),
(86, 'قره ضیاءالدین', 2),
(87, 'قطور', 2),
(88, 'قوشچی', 2),
(89, 'کشاورز', 2),
(90, 'گردکشانه', 2),
(91, 'ماکو', 2),
(92, 'محمدیار', 2),
(93, 'محمودآباد', 2),
(94, 'مهاباد', 2),
(95, 'میاندوآب', 2),
(96, 'میرآباد', 2),
(97, 'نالوس', 2),
(98, 'نقده', 2),
(99, 'نوشین', 2),
(100, 'اردبیل', 3),
(101, 'اصلاندوز', 3),
(102, 'آبی بیگلو', 3),
(103, 'بیله سوار', 3),
(104, 'پارس آباد', 3),
(105, 'تازه کند', 3),
(106, 'تازه کندانگوت', 3),
(107, 'جعفرآباد', 3),
(108, 'خلخال', 3),
(109, 'رضی', 3),
(110, 'سرعین', 3),
(111, 'عنبران', 3),
(112, 'فخرآباد', 3),
(113, 'کلور', 3),
(114, 'کوراییم', 3),
(115, 'گرمی', 3),
(116, 'گیوی', 3),
(117, 'لاهرود', 3),
(118, 'مشگین شهر', 3),
(119, 'نمین', 3),
(120, 'نیر', 3),
(121, 'هشتجین', 3),
(122, 'هیر', 3),
(123, 'ابریشم', 4),
(124, 'ابوزیدآباد', 4),
(125, 'اردستان', 4),
(126, 'اژیه', 4),
(127, 'اصفهان', 4),
(128, 'افوس', 4),
(129, 'انارک', 4),
(130, 'ایمانشهر', 4),
(131, 'آران وبیدگل', 4),
(132, 'بادرود', 4),
(133, 'باغ بهادران', 4),
(134, 'بافران', 4),
(135, 'برزک', 4),
(136, 'برف انبار', 4),
(137, 'بهاران شهر', 4),
(138, 'بهارستان', 4),
(139, 'بوئین و میاندشت', 4),
(140, 'پیربکران', 4),
(141, 'تودشک', 4),
(142, 'تیران', 4),
(143, 'جندق', 4),
(144, 'جوزدان', 4),
(145, 'جوشقان و کامو', 4),
(146, 'چادگان', 4),
(147, 'چرمهین', 4),
(148, 'چمگردان', 4),
(149, 'حبیب آباد', 4),
(150, 'حسن آباد', 4),
(151, 'حنا', 4),
(152, 'خالدآباد', 4),
(153, 'خمینی شهر', 4),
(154, 'خوانسار', 4),
(155, 'خور', 4),
(157, 'خورزوق', 4),
(158, 'داران', 4),
(159, 'دامنه', 4),
(160, 'درچه', 4),
(161, 'دستگرد', 4),
(162, 'دهاقان', 4),
(163, 'دهق', 4),
(164, 'دولت آباد', 4),
(165, 'دیزیچه', 4),
(166, 'رزوه', 4),
(167, 'رضوانشهر', 4),
(168, 'زاینده رود', 4),
(169, 'زرین شهر', 4),
(170, 'زواره', 4),
(171, 'زیباشهر', 4),
(172, 'سده لنجان', 4),
(173, 'سفیدشهر', 4),
(174, 'سگزی', 4),
(175, 'سمیرم', 4),
(176, 'شاهین شهر', 4),
(177, 'شهرضا', 4),
(178, 'طالخونچه', 4),
(179, 'عسگران', 4),
(180, 'علویجه', 4),
(181, 'فرخی', 4),
(182, 'فریدونشهر', 4),
(183, 'فلاورجان', 4),
(184, 'فولادشهر', 4),
(185, 'قمصر', 4),
(186, 'قهجاورستان', 4),
(187, 'قهدریجان', 4),
(188, 'کاشان', 4),
(189, 'کرکوند', 4),
(190, 'کلیشاد و سودرجان', 4),
(191, 'کمشچه', 4),
(192, 'کمه', 4),
(193, 'کهریزسنگ', 4),
(194, 'کوشک', 4),
(195, 'کوهپایه', 4),
(196, 'گرگاب', 4),
(197, 'گزبرخوار', 4),
(198, 'گلپایگان', 4),
(199, 'گلدشت', 4),
(200, 'گلشهر', 4),
(201, 'گوگد', 4),
(202, 'لای بید', 4),
(203, 'مبارکه', 4),
(204, 'مجلسی', 4),
(205, 'محمدآباد', 4),
(206, 'مشکات', 4),
(207, 'منظریه', 4),
(208, 'مهاباد', 4),
(209, 'میمه', 4),
(210, 'نائین', 4),
(211, 'نجف آباد', 4),
(212, 'نصرآباد', 4),
(213, 'نطنز', 4),
(214, 'نوش آباد', 4),
(215, 'نیاسر', 4),
(216, 'نیک آباد', 4),
(217, 'هرند', 4),
(218, 'ورزنه', 4),
(219, 'ورنامخواست', 4),
(220, 'وزوان', 4),
(221, 'ونک', 4),
(222, 'اسارا', 5),
(223, 'اشتهارد', 5),
(224, 'تنکمان', 5),
(225, 'چهارباغ', 5),
(226, 'سعید آباد', 5),
(227, 'شهر جدید هشتگرد', 5),
(228, 'طالقان', 5),
(229, 'کرج', 5),
(230, 'کمال شهر', 5),
(231, 'کوهسار', 5),
(232, 'گرمدره', 5),
(233, 'ماهدشت', 5),
(234, 'محمدشهر', 5),
(235, 'مشکین دشت', 5),
(236, 'نظرآباد', 5),
(237, 'هشتگرد', 5),
(238, 'ارکواز', 6),
(239, 'ایلام', 6),
(240, 'ایوان', 6),
(241, 'آبدانان', 6),
(242, 'آسمان آباد', 6),
(243, 'بدره', 6),
(244, 'پهله', 6),
(245, 'توحید', 6),
(246, 'چوار', 6),
(247, 'دره شهر', 6),
(248, 'دلگشا', 6),
(249, 'دهلران', 6),
(250, 'زرنه', 6),
(251, 'سراب باغ', 6),
(252, 'سرابله', 6),
(253, 'صالح آباد', 6),
(254, 'لومار', 6),
(255, 'مهران', 6),
(256, 'مورموری', 6),
(257, 'موسیان', 6),
(258, 'میمه', 6),
(259, 'امام حسن', 7),
(260, 'انارستان', 7),
(261, 'اهرم', 7),
(262, 'آب پخش', 7),
(263, 'آبدان', 7),
(264, 'برازجان', 7),
(265, 'بردخون', 7),
(266, 'بندردیر', 7),
(267, 'بندردیلم', 7),
(268, 'بندرریگ', 7),
(269, 'بندرکنگان', 7),
(270, 'بندرگناوه', 7),
(271, 'بنک', 7),
(272, 'بوشهر', 7),
(273, 'تنگ ارم', 7),
(274, 'جم', 7),
(275, 'چغادک', 7),
(276, 'خارک', 7),
(277, 'خورموج', 7),
(278, 'دالکی', 7),
(279, 'دلوار', 7),
(280, 'ریز', 7),
(281, 'سعدآباد', 7),
(282, 'سیراف', 7),
(283, 'شبانکاره', 7),
(284, 'شنبه', 7),
(285, 'عسلویه', 7),
(286, 'کاکی', 7),
(287, 'کلمه', 7),
(288, 'نخل تقی', 7),
(289, 'وحدتیه', 7),
(290, 'ارجمند', 8),
(291, 'اسلامشهر', 8),
(292, 'اندیشه', 8),
(293, 'آبسرد', 8),
(294, 'آبعلی', 8),
(295, 'باغستان', 8),
(296, 'باقرشهر', 8),
(297, 'بومهن', 8),
(298, 'پاکدشت', 8),
(299, 'پردیس', 8),
(300, 'پیشوا', 8),
(301, 'تهران', 8),
(302, 'جوادآباد', 8),
(303, 'چهاردانگه', 8),
(304, 'حسن آباد', 8),
(305, 'دماوند', 8),
(306, 'دیزین', 8),
(307, 'شهر ری', 8),
(308, 'رباط کریم', 8),
(309, 'رودهن', 8),
(310, 'شاهدشهر', 8),
(311, 'شریف آباد', 8),
(312, 'شمشک', 8),
(313, 'شهریار', 8),
(314, 'صالح آباد', 8),
(315, 'صباشهر', 8),
(316, 'صفادشت', 8),
(317, 'فردوسیه', 8),
(318, 'فشم', 8),
(319, 'فیروزکوه', 8),
(320, 'قدس', 8),
(321, 'قرچک', 8),
(322, 'کهریزک', 8),
(323, 'کیلان', 8),
(324, 'گلستان', 8),
(325, 'لواسان', 8),
(326, 'ملارد', 8),
(327, 'میگون', 8),
(328, 'نسیم شهر', 8),
(329, 'نصیرآباد', 8),
(330, 'وحیدیه', 8),
(331, 'ورامین', 8),
(332, 'اردل', 9),
(333, 'آلونی', 9),
(334, 'باباحیدر', 9),
(335, 'بروجن', 9),
(336, 'بلداجی', 9),
(337, 'بن', 9),
(338, 'جونقان', 9),
(339, 'چلگرد', 9),
(340, 'سامان', 9),
(341, 'سفیددشت', 9),
(342, 'سودجان', 9),
(343, 'سورشجان', 9),
(344, 'شلمزار', 9),
(345, 'شهرکرد', 9),
(346, 'طاقانک', 9),
(347, 'فارسان', 9),
(348, 'فرادنبه', 9),
(349, 'فرخ شهر', 9),
(350, 'کیان', 9),
(351, 'گندمان', 9),
(352, 'گهرو', 9),
(353, 'لردگان', 9),
(354, 'مال خلیفه', 9),
(355, 'ناغان', 9),
(356, 'نافچ', 9),
(357, 'نقنه', 9),
(358, 'هفشجان', 9),
(359, 'ارسک', 10),
(360, 'اسدیه', 10),
(361, 'اسفدن', 10),
(362, 'اسلامیه', 10),
(363, 'آرین شهر', 10),
(364, 'آیسک', 10),
(365, 'بشرویه', 10),
(366, 'بیرجند', 10),
(367, 'حاجی آباد', 10),
(368, 'خضری دشت بیاض', 10),
(369, 'خوسف', 10),
(370, 'زهان', 10),
(371, 'سرایان', 10),
(372, 'سربیشه', 10),
(373, 'سه قلعه', 10),
(374, 'شوسف', 10),
(375, 'طبس', 10),
(376, 'فردوس', 10),
(377, 'قاین', 10),
(378, 'قهستان', 10),
(379, 'محمدشهر', 10),
(380, 'مود', 10),
(381, 'نهبندان', 10),
(382, 'نیمبلوک', 10),
(383, 'احمدآباد صولت', 11),
(384, 'انابد', 11),
(385, 'باجگیران', 11),
(386, 'باخرز', 11),
(387, 'بار', 11),
(388, 'بایگ', 11),
(389, 'بجستان', 11),
(390, 'بردسکن', 11),
(391, 'بیدخت', 11),
(392, 'تایباد', 11),
(393, 'تربت جام', 11),
(394, 'تربت حیدریه', 11),
(395, 'جغتای', 11),
(396, 'جنگل', 11),
(397, 'چاپشلو', 11),
(398, 'چکنه', 11),
(399, 'چناران', 11),
(400, 'خرو', 11),
(401, 'خلیل آباد', 11),
(402, 'خواف', 11),
(403, 'داورزن', 11),
(404, 'درگز', 11),
(405, 'در رود', 11),
(406, 'دولت آباد', 11),
(407, 'رباط سنگ', 11),
(408, 'رشتخوار', 11),
(409, 'رضویه', 11),
(410, 'روداب', 11),
(411, 'ریوش', 11),
(412, 'سبزوار', 11),
(413, 'سرخس', 11),
(414, 'سفیدسنگ', 11),
(415, 'سلامی', 11),
(416, 'سلطان آباد', 11),
(417, 'سنگان', 11),
(418, 'شادمهر', 11),
(419, 'شاندیز', 11),
(420, 'ششتمد', 11),
(421, 'شهرآباد', 11),
(422, 'شهرزو', 11),
(423, 'صالح آباد', 11),
(424, 'طرقبه', 11),
(425, 'عشق آباد', 11),
(426, 'فرهادگرد', 11),
(427, 'فریمان', 11),
(428, 'فیروزه', 11),
(429, 'فیض آباد', 11),
(430, 'قاسم آباد', 11),
(431, 'قدمگاه', 11),
(432, 'قلندرآباد', 11),
(433, 'قوچان', 11),
(434, 'کاخک', 11),
(435, 'کاریز', 11),
(436, 'کاشمر', 11),
(437, 'کدکن', 11),
(438, 'کلات', 11),
(439, 'کندر', 11),
(440, 'گلمکان', 11),
(441, 'گناباد', 11),
(442, 'لطف آباد', 11),
(443, 'مزدآوند', 11),
(444, 'مشهد', 11),
(445, 'ملک آباد', 11),
(446, 'نشتیفان', 11),
(447, 'نصرآباد', 11),
(448, 'نقاب', 11),
(449, 'نوخندان', 11),
(450, 'نیشابور', 11),
(451, 'نیل شهر', 11),
(452, 'همت آباد', 11),
(453, 'یونسی', 11),
(454, 'اسفراین', 12),
(455, 'ایور', 12),
(456, 'آشخانه', 12),
(457, 'بجنورد', 12),
(458, 'پیش قلعه', 12),
(459, 'تیتکانلو', 12),
(460, 'جاجرم', 12),
(461, 'حصارگرمخان', 12),
(462, 'درق', 12),
(463, 'راز', 12),
(464, 'سنخواست', 12),
(465, 'شوقان', 12),
(466, 'شیروان', 12),
(467, 'صفی آباد', 12),
(468, 'فاروج', 12),
(469, 'قاضی', 12),
(470, 'گرمه', 12),
(471, 'لوجلی', 12),
(472, 'اروندکنار', 13),
(473, 'الوان', 13),
(474, 'امیدیه', 13),
(475, 'اندیمشک', 13),
(476, 'اهواز', 13),
(477, 'ایذه', 13),
(478, 'آبادان', 13),
(479, 'آغاجاری', 13),
(480, 'باغ ملک', 13),
(481, 'بستان', 13),
(482, 'بندرامام خمینی', 13),
(483, 'بندرماهشهر', 13),
(484, 'بهبهان', 13),
(485, 'ترکالکی', 13),
(486, 'جایزان', 13),
(487, 'چمران', 13),
(488, 'چویبده', 13),
(489, 'حر', 13),
(490, 'حسینیه', 13),
(491, 'حمزه', 13),
(492, 'حمیدیه', 13),
(493, 'خرمشهر', 13),
(494, 'دارخوین', 13),
(495, 'دزآب', 13),
(496, 'دزفول', 13),
(497, 'دهدز', 13),
(498, 'رامشیر', 13),
(499, 'رامهرمز', 13),
(500, 'رفیع', 13),
(501, 'زهره', 13),
(502, 'سالند', 13),
(503, 'سردشت', 13),
(504, 'سوسنگرد', 13),
(505, 'شادگان', 13),
(506, 'شاوور', 13),
(507, 'شرافت', 13),
(508, 'شوش', 13),
(509, 'شوشتر', 13),
(510, 'شیبان', 13),
(511, 'صالح شهر', 13),
(512, 'صفی آباد', 13),
(513, 'صیدون', 13),
(514, 'قلعه تل', 13),
(515, 'قلعه خواجه', 13),
(516, 'گتوند', 13),
(517, 'لالی', 13),
(518, 'مسجدسلیمان', 13),
(520, 'ملاثانی', 13),
(521, 'میانرود', 13),
(522, 'مینوشهر', 13),
(523, 'هفتگل', 13),
(524, 'هندیجان', 13),
(525, 'هویزه', 13),
(526, 'ویس', 13),
(527, 'ابهر', 14),
(528, 'ارمغان خانه', 14),
(529, 'آب بر', 14),
(530, 'چورزق', 14),
(531, 'حلب', 14),
(532, 'خرمدره', 14),
(533, 'دندی', 14),
(534, 'زرین آباد', 14),
(535, 'زرین رود', 14),
(536, 'زنجان', 14),
(537, 'سجاس', 14),
(538, 'سلطانیه', 14),
(539, 'سهرورد', 14),
(540, 'صائین قلعه', 14),
(541, 'قیدار', 14),
(542, 'گرماب', 14),
(543, 'ماه نشان', 14),
(544, 'هیدج', 14),
(545, 'امیریه', 15),
(546, 'ایوانکی', 15),
(547, 'آرادان', 15),
(548, 'بسطام', 15),
(549, 'بیارجمند', 15),
(550, 'دامغان', 15),
(551, 'درجزین', 15),
(552, 'دیباج', 15),
(553, 'سرخه', 15),
(554, 'سمنان', 15),
(555, 'شاهرود', 15),
(556, 'شهمیرزاد', 15),
(557, 'کلاته خیج', 15),
(558, 'گرمسار', 15),
(559, 'مجن', 15),
(560, 'مهدی شهر', 15),
(561, 'میامی', 15),
(562, 'ادیمی', 16),
(563, 'اسپکه', 16),
(564, 'ایرانشهر', 16),
(565, 'بزمان', 16),
(566, 'بمپور', 16),
(567, 'بنت', 16),
(568, 'بنجار', 16),
(569, 'پیشین', 16),
(570, 'جالق', 16),
(571, 'چابهار', 16),
(572, 'خاش', 16),
(573, 'دوست محمد', 16),
(574, 'راسک', 16),
(575, 'زابل', 16),
(576, 'زابلی', 16),
(577, 'زاهدان', 16),
(578, 'زهک', 16),
(579, 'سراوان', 16),
(580, 'سرباز', 16),
(581, 'سوران', 16),
(582, 'سیرکان', 16),
(583, 'علی اکبر', 16),
(584, 'فنوج', 16),
(585, 'قصرقند', 16),
(586, 'کنارک', 16),
(587, 'گشت', 16),
(588, 'گلمورتی', 16),
(589, 'محمدان', 16),
(590, 'محمدآباد', 16),
(591, 'محمدی', 16),
(592, 'میرجاوه', 16),
(593, 'نصرت آباد', 16),
(594, 'نگور', 16),
(595, 'نوک آباد', 16),
(596, 'نیک شهر', 16),
(597, 'هیدوچ', 16),
(598, 'اردکان', 17),
(599, 'ارسنجان', 17),
(600, 'استهبان', 17),
(601, 'اشکنان', 17),
(602, 'افزر', 17),
(603, 'اقلید', 17),
(604, 'امام شهر', 17),
(605, 'اهل', 17),
(606, 'اوز', 17),
(607, 'ایج', 17),
(608, 'ایزدخواست', 17),
(609, 'آباده', 17),
(610, 'آباده طشک', 17),
(611, 'باب انار', 17),
(612, 'بالاده', 17),
(613, 'بنارویه', 17),
(614, 'بهمن', 17),
(615, 'بوانات', 17),
(616, 'بیرم', 17),
(617, 'بیضا', 17),
(618, 'جنت شهر', 17),
(619, 'جهرم', 17),
(620, 'جویم', 17),
(621, 'زرین دشت', 17),
(622, 'حسن آباد', 17),
(623, 'خان زنیان', 17),
(624, 'خاوران', 17),
(625, 'خرامه', 17),
(626, 'خشت', 17),
(627, 'خنج', 17),
(628, 'خور', 17),
(629, 'داراب', 17),
(630, 'داریان', 17),
(631, 'دبیران', 17),
(632, 'دژکرد', 17),
(633, 'دهرم', 17),
(634, 'دوبرجی', 17),
(635, 'رامجرد', 17),
(636, 'رونیز', 17),
(637, 'زاهدشهر', 17),
(638, 'زرقان', 17),
(639, 'سده', 17),
(640, 'سروستان', 17),
(641, 'سعادت شهر', 17),
(642, 'سورمق', 17),
(643, 'سیدان', 17),
(644, 'ششده', 17),
(645, 'شهرپیر', 17),
(646, 'شهرصدرا', 17),
(647, 'شیراز', 17),
(648, 'صغاد', 17),
(649, 'صفاشهر', 17),
(650, 'علامرودشت', 17),
(651, 'فدامی', 17),
(652, 'فراشبند', 17),
(653, 'فسا', 17),
(654, 'فیروزآباد', 17),
(655, 'قائمیه', 17),
(656, 'قادرآباد', 17),
(657, 'قطب آباد', 17),
(658, 'قطرویه', 17),
(659, 'قیر', 17),
(660, 'کارزین (فتح آباد)', 17),
(661, 'کازرون', 17),
(662, 'کامفیروز', 17),
(663, 'کره ای', 17),
(664, 'کنارتخته', 17),
(665, 'کوار', 17),
(666, 'گراش', 17),
(667, 'گله دار', 17),
(668, 'لار', 17),
(669, 'لامرد', 17),
(670, 'لپویی', 17),
(671, 'لطیفی', 17),
(672, 'مبارک آباددیز', 17),
(673, 'مرودشت', 17),
(674, 'مشکان', 17),
(675, 'مصیری', 17),
(676, 'مهر', 17),
(677, 'میمند', 17),
(678, 'نوبندگان', 17),
(679, 'نوجین', 17),
(680, 'نودان', 17),
(681, 'نورآباد', 17),
(682, 'نی ریز', 17),
(683, 'وراوی', 17),
(684, 'ارداق', 18),
(685, 'اسفرورین', 18),
(686, 'اقبالیه', 18),
(687, 'الوند', 18),
(688, 'آبگرم', 18),
(689, 'آبیک', 18),
(690, 'آوج', 18),
(691, 'بوئین زهرا', 18),
(692, 'بیدستان', 18),
(693, 'تاکستان', 18),
(694, 'خاکعلی', 18),
(695, 'خرمدشت', 18),
(696, 'دانسفهان', 18),
(697, 'رازمیان', 18),
(698, 'سگزآباد', 18),
(699, 'سیردان', 18),
(700, 'شال', 18),
(701, 'شریفیه', 18),
(702, 'ضیاآباد', 18),
(703, 'قزوین', 18),
(704, 'کوهین', 18),
(705, 'محمدیه', 18),
(706, 'محمودآباد نمونه', 18),
(707, 'معلم کلایه', 18),
(708, 'نرجه', 18),
(709, 'جعفریه', 19),
(710, 'دستجرد', 19),
(711, 'سلفچگان', 19),
(712, 'قم', 19),
(713, 'قنوات', 19),
(714, 'کهک', 19),
(715, 'آرمرده', 20),
(716, 'بابارشانی', 20),
(717, 'بانه', 20),
(718, 'بلبان آباد', 20),
(719, 'بوئین سفلی', 20),
(720, 'بیجار', 20),
(721, 'چناره', 20),
(722, 'دزج', 20),
(723, 'دلبران', 20),
(724, 'دهگلان', 20),
(725, 'دیواندره', 20),
(726, 'زرینه', 20),
(727, 'سروآباد', 20),
(728, 'سریش آباد', 20),
(729, 'سقز', 20),
(730, 'سنندج', 20),
(731, 'شویشه', 20),
(732, 'صاحب', 20),
(733, 'قروه', 20),
(734, 'کامیاران', 20),
(735, 'کانی دینار', 20),
(736, 'کانی سور', 20),
(737, 'مریوان', 20),
(738, 'موچش', 20),
(739, 'یاسوکند', 20),
(740, 'اختیارآباد', 21),
(741, 'ارزوئیه', 21),
(742, 'امین شهر', 21),
(743, 'انار', 21),
(744, 'اندوهجرد', 21),
(745, 'باغین', 21),
(746, 'بافت', 21),
(747, 'بردسیر', 21),
(748, 'بروات', 21),
(749, 'بزنجان', 21),
(750, 'بم', 21),
(751, 'بهرمان', 21),
(752, 'پاریز', 21),
(753, 'جبالبارز', 21),
(754, 'جوپار', 21),
(755, 'جوزم', 21),
(756, 'جیرفت', 21),
(757, 'چترود', 21),
(758, 'خاتون آباد', 21),
(759, 'خانوک', 21),
(760, 'خورسند', 21),
(761, 'درب بهشت', 21),
(762, 'دهج', 21),
(763, 'رابر', 21),
(764, 'راور', 21),
(765, 'راین', 21),
(766, 'رفسنجان', 21),
(767, 'رودبار', 21),
(768, 'ریحان شهر', 21),
(769, 'زرند', 21),
(770, 'زنگی آباد', 21),
(771, 'زیدآباد', 21),
(772, 'سیرجان', 21),
(773, 'شهداد', 21),
(774, 'شهربابک', 21),
(775, 'صفائیه', 21),
(776, 'عنبرآباد', 21),
(777, 'فاریاب', 21),
(778, 'فهرج', 21),
(779, 'قلعه گنج', 21),
(780, 'کاظم آباد', 21),
(781, 'کرمان', 21),
(782, 'کشکوئیه', 21),
(783, 'کهنوج', 21),
(784, 'کوهبنان', 21),
(785, 'کیانشهر', 21),
(786, 'گلباف', 21),
(787, 'گلزار', 21),
(788, 'لاله زار', 21),
(789, 'ماهان', 21),
(790, 'محمدآباد', 21),
(791, 'محی آباد', 21),
(792, 'مردهک', 21),
(793, 'مس سرچشمه', 21),
(794, 'منوجان', 21),
(795, 'نجف شهر', 21),
(796, 'نرماشیر', 21),
(797, 'نظام شهر', 21),
(798, 'نگار', 21),
(799, 'نودژ', 21),
(800, 'هجدک', 21),
(801, 'یزدان شهر', 21),
(802, 'ازگله', 22),
(803, 'اسلام آباد غرب', 22),
(804, 'باینگان', 22),
(805, 'بیستون', 22),
(806, 'پاوه', 22),
(807, 'تازه آباد', 22),
(808, 'جوان رود', 22),
(809, 'حمیل', 22),
(810, 'ماهیدشت', 22),
(811, 'روانسر', 22),
(812, 'سرپل ذهاب', 22),
(813, 'سرمست', 22),
(814, 'سطر', 22),
(815, 'سنقر', 22),
(816, 'سومار', 22),
(817, 'شاهو', 22),
(818, 'صحنه', 22),
(819, 'قصرشیرین', 22),
(820, 'کرمانشاه', 22),
(821, 'کرندغرب', 22),
(822, 'کنگاور', 22),
(823, 'کوزران', 22),
(824, 'گهواره', 22),
(825, 'گیلانغرب', 22),
(826, 'میان راهان', 22),
(827, 'نودشه', 22),
(828, 'نوسود', 22),
(829, 'هرسین', 22),
(830, 'هلشی', 22),
(831, 'باشت', 23),
(832, 'پاتاوه', 23),
(833, 'چرام', 23),
(834, 'چیتاب', 23),
(835, 'دهدشت', 23),
(836, 'دوگنبدان', 23),
(837, 'دیشموک', 23),
(838, 'سوق', 23),
(839, 'سی سخت', 23),
(840, 'قلعه رئیسی', 23),
(841, 'گراب سفلی', 23),
(842, 'لنده', 23),
(843, 'لیکک', 23),
(844, 'مادوان', 23),
(845, 'مارگون', 23),
(846, 'یاسوج', 23),
(847, 'انبارآلوم', 24),
(848, 'اینچه برون', 24),
(849, 'آزادشهر', 24),
(850, 'آق قلا', 24),
(851, 'بندرترکمن', 24),
(852, 'بندرگز', 24),
(853, 'جلین', 24),
(854, 'خان ببین', 24),
(855, 'دلند', 24),
(856, 'رامیان', 24),
(857, 'سرخنکلاته', 24),
(858, 'سیمین شهر', 24),
(859, 'علی آباد کتول', 24),
(860, 'فاضل آباد', 24),
(861, 'کردکوی', 24),
(862, 'کلاله', 24),
(863, 'گالیکش', 24),
(864, 'گرگان', 24),
(865, 'گمیش تپه', 24),
(866, 'گنبدکاووس', 24),
(867, 'مراوه', 24),
(868, 'مینودشت', 24),
(869, 'نگین شهر', 24),
(870, 'نوده خاندوز', 24),
(871, 'نوکنده', 24),
(872, 'ازنا', 25),
(873, 'اشترینان', 25),
(874, 'الشتر', 25),
(875, 'الیگودرز', 25),
(876, 'بروجرد', 25),
(877, 'پلدختر', 25),
(878, 'چالانچولان', 25),
(879, 'چغلوندی', 25),
(880, 'چقابل', 25),
(881, 'خرم آباد', 25),
(882, 'درب گنبد', 25),
(883, 'دورود', 25),
(884, 'زاغه', 25),
(885, 'سپیددشت', 25),
(886, 'سراب دوره', 25),
(887, 'فیروزآباد', 25),
(888, 'کونانی', 25),
(889, 'کوهدشت', 25),
(890, 'گراب', 25),
(891, 'معمولان', 25),
(892, 'مومن آباد', 25),
(893, 'نورآباد', 25),
(894, 'ویسیان', 25),
(895, 'احمدسرگوراب', 26),
(896, 'اسالم', 26),
(897, 'اطاقور', 26),
(898, 'املش', 26),
(899, 'آستارا', 26),
(900, 'آستانه اشرفیه', 26),
(901, 'بازار جمعه', 26),
(902, 'بره سر', 26),
(903, 'بندرانزلی', 26),
(906, 'پره سر', 26),
(907, 'تالش', 26),
(908, 'توتکابن', 26),
(909, 'جیرنده', 26),
(910, 'چابکسر', 26),
(911, 'چاف و چمخاله', 26),
(912, 'چوبر', 26),
(913, 'حویق', 26),
(914, 'خشکبیجار', 26),
(915, 'خمام', 26),
(916, 'دیلمان', 26),
(917, 'رانکوه', 26),
(918, 'رحیم آباد', 26),
(919, 'رستم آباد', 26),
(920, 'رشت', 26),
(921, 'رضوانشهر', 26),
(922, 'رودبار', 26),
(923, 'رودبنه', 26),
(924, 'رودسر', 26),
(925, 'سنگر', 26),
(926, 'سیاهکل', 26),
(927, 'شفت', 26),
(928, 'شلمان', 26),
(929, 'صومعه سرا', 26),
(930, 'فومن', 26),
(931, 'کلاچای', 26),
(932, 'کوچصفهان', 26),
(933, 'کومله', 26),
(934, 'کیاشهر', 26),
(935, 'گوراب زرمیخ', 26),
(936, 'لاهیجان', 26),
(937, 'لشت نشا', 26),
(938, 'لنگرود', 26),
(939, 'لوشان', 26),
(940, 'لولمان', 26),
(941, 'لوندویل', 26),
(942, 'لیسار', 26),
(943, 'ماسال', 26),
(944, 'ماسوله', 26),
(945, 'مرجقل', 26),
(946, 'منجیل', 26),
(947, 'واجارگاه', 26),
(948, 'امیرکلا', 27),
(949, 'ایزدشهر', 27),
(950, 'آلاشت', 27),
(951, 'آمل', 27),
(952, 'بابل', 27),
(953, 'بابلسر', 27),
(954, 'بلده', 27),
(955, 'بهشهر', 27),
(956, 'بهنمیر', 27),
(957, 'پل سفید', 27),
(958, 'تنکابن', 27),
(959, 'جویبار', 27),
(960, 'چالوس', 27),
(961, 'چمستان', 27),
(962, 'خرم آباد', 27),
(963, 'خلیل شهر', 27),
(964, 'خوش رودپی', 27),
(965, 'دابودشت', 27),
(966, 'رامسر', 27),
(967, 'رستمکلا', 27),
(968, 'رویان', 27),
(969, 'رینه', 27),
(970, 'زرگرمحله', 27),
(971, 'زیرآب', 27),
(972, 'ساری', 27),
(973, 'سرخرود', 27),
(974, 'سلمان شهر', 27),
(975, 'سورک', 27),
(976, 'شیرگاه', 27),
(977, 'شیرود', 27),
(978, 'عباس آباد', 27),
(979, 'فریدونکنار', 27),
(980, 'فریم', 27),
(981, 'قائم شهر', 27),
(982, 'کتالم', 27),
(983, 'کلارآباد', 27),
(984, 'کلاردشت', 27),
(985, 'کله بست', 27),
(986, 'کوهی خیل', 27),
(987, 'کیاسر', 27),
(988, 'کیاکلا', 27),
(989, 'گتاب', 27),
(990, 'گزنک', 27),
(991, 'گلوگاه', 27),
(992, 'محمودآباد', 27),
(993, 'مرزن آباد', 27),
(994, 'مرزیکلا', 27),
(995, 'نشتارود', 27),
(996, 'نکا', 27),
(997, 'نور', 27),
(998, 'نوشهر', 27),
(999, 'اراک', 28),
(1000, 'آستانه', 28),
(1001, 'آشتیان', 28),
(1002, 'پرندک', 28),
(1003, 'تفرش', 28),
(1004, 'توره', 28),
(1005, 'جاورسیان', 28),
(1006, 'خشکرود', 28),
(1007, 'خمین', 28),
(1008, 'خنداب', 28),
(1009, 'داودآباد', 28),
(1010, 'دلیجان', 28),
(1011, 'رازقان', 28),
(1012, 'زاویه', 28),
(1013, 'ساروق', 28),
(1014, 'ساوه', 28),
(1015, 'سنجان', 28),
(1016, 'شازند', 28),
(1017, 'غرق آباد', 28),
(1018, 'فرمهین', 28),
(1019, 'قورچی باشی', 28),
(1020, 'کرهرود', 28),
(1021, 'کمیجان', 28),
(1022, 'مامونیه', 28),
(1023, 'محلات', 28),
(1024, 'مهاجران', 28),
(1025, 'میلاجرد', 28),
(1026, 'نراق', 28),
(1027, 'نوبران', 28),
(1028, 'نیمور', 28),
(1029, 'هندودر', 28),
(1030, 'ابوموسی', 29),
(1031, 'بستک', 29),
(1032, 'بندرجاسک', 29),
(1033, 'بندرچارک', 29),
(1034, 'بندرخمیر', 29),
(1035, 'بندرعباس', 29),
(1036, 'بندرلنگه', 29),
(1037, 'بیکا', 29),
(1038, 'پارسیان', 29),
(1039, 'تخت', 29),
(1040, 'جناح', 29),
(1041, 'حاجی آباد', 29),
(1042, 'درگهان', 29),
(1043, 'دهبارز', 29),
(1044, 'رویدر', 29),
(1045, 'زیارتعلی', 29),
(1046, 'سردشت', 29),
(1047, 'سندرک', 29),
(1048, 'سوزا', 29),
(1049, 'سیریک', 29),
(1050, 'فارغان', 29),
(1051, 'فین', 29),
(1052, 'قشم', 29),
(1053, 'قلعه قاضی', 29),
(1054, 'کنگ', 29),
(1055, 'کوشکنار', 29),
(1056, 'کیش', 29),
(1057, 'گوهران', 29),
(1058, 'میناب', 29),
(1059, 'هرمز', 29),
(1060, 'هشتبندی', 29),
(1061, 'ازندریان', 30),
(1062, 'اسدآباد', 30),
(1063, 'برزول', 30),
(1064, 'بهار', 30),
(1065, 'تویسرکان', 30),
(1066, 'جورقان', 30),
(1067, 'جوکار', 30),
(1068, 'دمق', 30),
(1069, 'رزن', 30),
(1070, 'زنگنه', 30),
(1071, 'سامن', 30),
(1072, 'سرکان', 30),
(1073, 'شیرین سو', 30),
(1074, 'صالح آباد', 30),
(1075, 'فامنین', 30),
(1076, 'فرسفج', 30),
(1077, 'فیروزان', 30),
(1078, 'قروه درجزین', 30),
(1079, 'قهاوند', 30),
(1080, 'کبودر آهنگ', 30),
(1081, 'گل تپه', 30),
(1082, 'گیان', 30),
(1083, 'لالجین', 30),
(1084, 'مریانج', 30),
(1085, 'ملایر', 30),
(1086, 'نهاوند', 30),
(1087, 'همدان', 30),
(1088, 'ابرکوه', 31),
(1089, 'احمدآباد', 31),
(1090, 'اردکان', 31),
(1091, 'اشکذر', 31),
(1092, 'بافق', 31),
(1093, 'بفروئیه', 31),
(1094, 'بهاباد', 31),
(1095, 'تفت', 31),
(1096, 'حمیدیا', 31),
(1097, 'خضرآباد', 31),
(1098, 'دیهوک', 31),
(1099, 'زارچ', 31),
(1100, 'شاهدیه', 31),
(1101, 'طبس', 31),
(1103, 'عقدا', 31),
(1104, 'مروست', 31),
(1105, 'مهردشت', 31),
(1106, 'مهریز', 31),
(1107, 'میبد', 31),
(1108, 'ندوشن', 31),
(1109, 'نیر', 31),
(1110, 'هرات', 31),
(1111, 'یزد', 31),
(1116, 'پرند', 8),
(1117, 'فردیس', 5),
(1118, 'مارلیک', 5),
(1119, 'سادات شهر', 27),
(1121, 'زیباکنار', 26),
(1135, 'کردان', 5),
(1137, 'ساوجبلاغ', 5),
(1138, 'تهران دشت', 5),
(1150, 'گلبهار', 11),
(1153, 'قیامدشت', 8),
(1155, 'بینالود', 11),
(1159, 'پیربازار', 26),
(1160, 'رضوانشهر', 31);

-- --------------------------------------------------------

--
-- Table structure for table `cooperations`
--

CREATE TABLE `cooperations` (
  `id` bigint(20) UNSIGNED NOT NULL,
  `title` varchar(255) COLLATE utf8mb4_unicode_ci NOT NULL
) ENGINE=InnoDB DEFAULT CHARSET=utf8mb4 COLLATE=utf8mb4_unicode_ci;

--
-- Dumping data for table `cooperations`
--

INSERT INTO `cooperations` (`id`, `title`) VALUES
(1, 'تمام وقت'),
(2, 'پاره وقت'),
(3, 'پیمان کاری / پروژه ای'),
(5, 'کارآموزی'),
(6, 'توافقی'),
(8, 'سایر');

-- --------------------------------------------------------

--
-- Table structure for table `migrations`
--

CREATE TABLE `migrations` (
  `id` int(10) UNSIGNED NOT NULL,
  `migration` varchar(255) COLLATE utf8mb4_unicode_ci NOT NULL,
  `batch` int(11) NOT NULL
) ENGINE=InnoDB DEFAULT CHARSET=utf8mb4 COLLATE=utf8mb4_unicode_ci;

--
-- Dumping data for table `migrations`
--

INSERT INTO `migrations` (`id`, `migration`, `batch`) VALUES
(1, '2014_10_12_000000_create_users_table', 1),
(2, '2014_10_12_100000_create_password_resets_table', 1),
(3, '2019_08_19_000000_create_failed_jobs_table', 1),
(4, '2019_12_14_000001_create_personal_access_tokens_table', 1),
(5, '2022_02_26_124405_create_categories_table', 1),
(6, '2022_02_26_130443_create_precedents_table', 1),
(7, '2022_02_26_130631_create_cooperations_table', 1),
(8, '2022_02_26_130724_create_pmethods_table', 1),
(9, '2022_02_26_130759_create_workinghours_table', 1),
(10, '2022_02_26_130815_create_working_experiences_table', 1),
(11, '2022_02_26_131543_create_posts_table', 1),
(12, '2022_02_27_172305_create_activations_table', 1);

-- --------------------------------------------------------

--
-- Table structure for table `personal_access_tokens`
--

CREATE TABLE `personal_access_tokens` (
  `id` bigint(20) UNSIGNED NOT NULL,
  `tokenable_type` varchar(255) COLLATE utf8mb4_unicode_ci NOT NULL,
  `tokenable_id` bigint(20) UNSIGNED NOT NULL,
  `name` varchar(255) COLLATE utf8mb4_unicode_ci NOT NULL,
  `token` varchar(64) COLLATE utf8mb4_unicode_ci NOT NULL,
  `abilities` text COLLATE utf8mb4_unicode_ci,
  `last_used_at` timestamp NULL DEFAULT NULL,
  `created_at` timestamp NULL DEFAULT NULL,
  `updated_at` timestamp NULL DEFAULT NULL
) ENGINE=InnoDB DEFAULT CHARSET=utf8mb4 COLLATE=utf8mb4_unicode_ci;

--
-- Dumping data for table `personal_access_tokens`
--

INSERT INTO `personal_access_tokens` (`id`, `tokenable_type`, `tokenable_id`, `name`, `token`, `abilities`, `last_used_at`, `created_at`, `updated_at`) VALUES
(34, 'App\\Models\\User', 1, 'API Token', '6800f1313823e830ef87b96438f82aa5ac5f61b310cb29aaecac6f621ee6bbe4', '[\"*\"]', '2022-04-12 07:36:49', '2022-04-07 16:08:26', '2022-04-12 07:36:49'),
(36, 'App\\Models\\User', 2, 'API Token', '4d58d752c77e935734b9a5fc7826fd3a08a3d3e499de1892d543e9ddf393fd7f', '[\"*\"]', '2022-04-25 11:19:53', '2022-04-25 11:19:28', '2022-04-25 11:19:53');

-- --------------------------------------------------------

--
-- Table structure for table `pmethods`
--

CREATE TABLE `pmethods` (
  `id` bigint(20) UNSIGNED NOT NULL,
  `title` varchar(255) COLLATE utf8mb4_unicode_ci NOT NULL
) ENGINE=InnoDB DEFAULT CHARSET=utf8mb4 COLLATE=utf8mb4_unicode_ci;

--
-- Dumping data for table `pmethods`
--

INSERT INTO `pmethods` (`id`, `title`) VALUES
(1, 'ماهانه'),
(2, 'روزانه'),
(3, 'ساعتی'),
(4, 'پورسانتی / درصدی'),
(5, 'توافقی'),
(6, 'سایر');

-- --------------------------------------------------------

--
-- Table structure for table `posts`
--

CREATE TABLE `posts` (
  `id` bigint(20) UNSIGNED NOT NULL,
  `user_id` bigint(20) UNSIGNED NOT NULL,
  `category_id` bigint(20) UNSIGNED NOT NULL,
  `title` varchar(255) COLLATE utf8mb4_unicode_ci NOT NULL,
  `description` text COLLATE utf8mb4_unicode_ci NOT NULL,
  `p_c` varchar(20) COLLATE utf8mb4_unicode_ci DEFAULT '',
  `working_experiences_id` bigint(20) UNSIGNED NOT NULL,
  `cooperation_id` bigint(20) UNSIGNED NOT NULL,
  `pmethod_id` bigint(20) UNSIGNED NOT NULL,
  `workinghours_id` bigint(20) UNSIGNED NOT NULL,
  `insurance` tinyint(1) DEFAULT '0',
  `remote` tinyint(1) DEFAULT '0',
  `military_service` tinyint(1) DEFAULT '0',
  `view` varchar(255) COLLATE utf8mb4_unicode_ci NOT NULL DEFAULT '0',
  `status` tinyint(1) NOT NULL DEFAULT '0',
  `created_at` timestamp NULL DEFAULT NULL,
  `updated_at` timestamp NULL DEFAULT NULL
) ENGINE=InnoDB DEFAULT CHARSET=utf8mb4 COLLATE=utf8mb4_unicode_ci;

--
-- Dumping data for table `posts`
--

INSERT INTO `posts` (`id`, `user_id`, `category_id`, `title`, `description`, `p_c`, `working_experiences_id`, `cooperation_id`, `pmethod_id`, `workinghours_id`, `insurance`, `remote`, `military_service`, `view`, `status`, `created_at`, `updated_at`) VALUES
(1, 1, 1, 'نیاز به فرش شور با سابقه', 'نیاز هبه ییشکبشبیسبیسبیس\r\nبیسبیسبیسبیسب\r\nیسبیسبیسبیسبسی', 'تهران / آبعلی', 1, 2, 2, 1, 1, 1, 1, '0', 0, '2022-03-02 16:00:10', '2022-04-12 14:22:57'),
(4, 1, 2, 'پرستار تمام وقت', 'عیتیتیت', 'مرکزی / اراک', 6, 5, 4, 7, 1, 1, 1, '0', 1, '2022-04-01 07:55:42', '2022-04-12 07:28:03'),
(5, 1, 3, 'دکتر تمام وقت', 'نبین', 'مرکزی / اراک', 7, 5, 5, 6, 1, 1, 1, '0', 1, '2022-04-01 07:58:59', '2022-04-01 07:58:59');

-- --------------------------------------------------------

--
-- Table structure for table `post_user`
--

CREATE TABLE `post_user` (
  `post_id` int(11) NOT NULL,
  `user_id` int(11) NOT NULL
) ENGINE=InnoDB DEFAULT CHARSET=utf8;

--
-- Dumping data for table `post_user`
--

INSERT INTO `post_user` (`post_id`, `user_id`) VALUES
(3, 1),
(2, 1);

-- --------------------------------------------------------

--
-- Table structure for table `provinces`
--

CREATE TABLE `provinces` (
  `id` int(11) NOT NULL,
  `name` varchar(19) NOT NULL
) ENGINE=InnoDB DEFAULT CHARSET=utf8;

--
-- Dumping data for table `provinces`
--

INSERT INTO `provinces` (`id`, `name`) VALUES
(1, 'آذربایجان شرقی'),
(2, 'آذربایجان غربی'),
(3, 'اردبیل'),
(4, 'اصفهان'),
(5, 'البرز'),
(6, 'ایلام'),
(7, 'بوشهر'),
(8, 'تهران'),
(9, 'چهارمحال و بختیاری'),
(10, 'خراسان جنوبی'),
(11, 'خراسان رضوی'),
(12, 'خراسان شمالی'),
(13, 'خوزستان'),
(14, 'زنجان'),
(15, 'سمنان'),
(16, 'سیستان و بلوچستان'),
(17, 'فارس'),
(18, 'قزوین'),
(19, 'قم'),
(20, 'کردستان'),
(21, 'کرمان'),
(22, 'کرمانشاه'),
(23, 'کهگیلویه و بویراحمد'),
(24, 'گلستان'),
(25, 'لرستان'),
(26, 'گیلان'),
(27, 'مازندران'),
(28, 'مرکزی'),
(29, 'هرمزگان'),
(30, 'همدان'),
(31, 'یزد');

-- --------------------------------------------------------

--
-- Table structure for table `users`
--

CREATE TABLE `users` (
  `id` bigint(20) UNSIGNED NOT NULL,
  `name` varchar(255) COLLATE utf8mb4_unicode_ci DEFAULT NULL,
  `phone` varchar(11) COLLATE utf8mb4_unicode_ci NOT NULL,
  `profile` varchar(255) COLLATE utf8mb4_unicode_ci DEFAULT NULL,
  `city_id` bigint(20) NOT NULL,
  `province_id` bigint(20) NOT NULL,
  `hash` varchar(32) COLLATE utf8mb4_unicode_ci NOT NULL,
  `phone_verified` tinyint(1) NOT NULL DEFAULT '0',
  `phone_verified_at` timestamp NULL DEFAULT NULL,
  `created_at` timestamp NULL DEFAULT NULL,
  `updated_at` timestamp NULL DEFAULT NULL
) ENGINE=InnoDB DEFAULT CHARSET=utf8mb4 COLLATE=utf8mb4_unicode_ci;

--
-- Dumping data for table `users`
--

INSERT INTO `users` (`id`, `name`, `phone`, `profile`, `city_id`, `province_id`, `hash`, `phone_verified`, `phone_verified_at`, `created_at`, `updated_at`) VALUES
(1, 'امیررضا مرزبان', '09359480010', 'profiles/avatar.png', 999, 28, 'mahQOVfaVDKK0yd4MiB1p88AzURVZAJv', 1, '2022-04-07 16:08:26', '2022-02-28 10:38:24', '2022-04-12 05:52:04'),
(2, 'amirreza marzban', '09359480011', 'profiles/avatar.png', 999, 28, 'otYBEKBt5HUfVOEFzIdZLIYYrfxXlSPb', 1, '2022-04-25 11:19:28', '2022-04-17 15:35:03', '2022-04-25 11:19:28');

-- --------------------------------------------------------

--
-- Table structure for table `workinghours`
--

CREATE TABLE `workinghours` (
  `id` bigint(20) UNSIGNED NOT NULL,
  `title` varchar(255) COLLATE utf8mb4_unicode_ci NOT NULL
) ENGINE=InnoDB DEFAULT CHARSET=utf8mb4 COLLATE=utf8mb4_unicode_ci;

--
-- Dumping data for table `workinghours`
--

INSERT INTO `workinghours` (`id`, `title`) VALUES
(1, 'منعطف'),
(2, 'شیفت صبح'),
(3, 'شیفت عصر'),
(4, 'شیفت شب'),
(5, 'شیفت صبح و عصر'),
(6, 'شیفت های چرخشی'),
(7, 'شبانه روزی'),
(8, 'سایر');

-- --------------------------------------------------------

--
-- Table structure for table `working_experiences`
--

CREATE TABLE `working_experiences` (
  `id` bigint(20) UNSIGNED NOT NULL,
  `title` varchar(255) COLLATE utf8mb4_unicode_ci NOT NULL
) ENGINE=InnoDB DEFAULT CHARSET=utf8mb4 COLLATE=utf8mb4_unicode_ci;

--
-- Dumping data for table `working_experiences`
--

INSERT INTO `working_experiences` (`id`, `title`) VALUES
(1, 'بدون نیاز به سابقه'),
(2, 'کم تر از ۱ سال'),
(3, 'حداقل ۱ سال'),
(4, 'حداقل ۲ سال'),
(5, 'حداقل ۳ سال'),
(6, 'حداقل ۴ سال'),
(7, 'حداقل ۵ سال'),
(8, 'حداقل ۶ سال'),
(9, 'حداقل ۷ سال'),
(10, 'حداقل ۸ سال'),
(11, 'حداقل ۹ سال'),
(12, 'حداقل ۱۰ سال');

--
-- Indexes for dumped tables
--

--
-- Indexes for table `activation_codes`
--
ALTER TABLE `activation_codes`
  ADD PRIMARY KEY (`id`),
  ADD KEY `activation_codes_user_id_foreign` (`user_id`);

--
-- Indexes for table `categories`
--
ALTER TABLE `categories`
  ADD PRIMARY KEY (`id`);

--
-- Indexes for table `cities`
--
ALTER TABLE `cities`
  ADD PRIMARY KEY (`id`);

--
-- Indexes for table `cooperations`
--
ALTER TABLE `cooperations`
  ADD PRIMARY KEY (`id`);

--
-- Indexes for table `migrations`
--
ALTER TABLE `migrations`
  ADD PRIMARY KEY (`id`);

--
-- Indexes for table `personal_access_tokens`
--
ALTER TABLE `personal_access_tokens`
  ADD PRIMARY KEY (`id`),
  ADD UNIQUE KEY `personal_access_tokens_token_unique` (`token`),
  ADD KEY `personal_access_tokens_tokenable_type_tokenable_id_index` (`tokenable_type`,`tokenable_id`);

--
-- Indexes for table `pmethods`
--
ALTER TABLE `pmethods`
  ADD PRIMARY KEY (`id`);

--
-- Indexes for table `posts`
--
ALTER TABLE `posts`
  ADD PRIMARY KEY (`id`),
  ADD KEY `posts_category_id_foreign` (`category_id`),
  ADD KEY `posts_cooperation_id_foreign` (`cooperation_id`),
  ADD KEY `posts_pmethod_id_foreign` (`pmethod_id`),
  ADD KEY `posts_workinghours_id_foreign` (`workinghours_id`),
  ADD KEY `posts_working_experiences_id_foreign` (`working_experiences_id`);

--
-- Indexes for table `provinces`
--
ALTER TABLE `provinces`
  ADD PRIMARY KEY (`id`);

--
-- Indexes for table `users`
--
ALTER TABLE `users`
  ADD PRIMARY KEY (`id`),
  ADD UNIQUE KEY `users_phone_unique` (`phone`);

--
-- Indexes for table `workinghours`
--
ALTER TABLE `workinghours`
  ADD PRIMARY KEY (`id`);

--
-- Indexes for table `working_experiences`
--
ALTER TABLE `working_experiences`
  ADD PRIMARY KEY (`id`);

--
-- AUTO_INCREMENT for dumped tables
--

--
-- AUTO_INCREMENT for table `activation_codes`
--
ALTER TABLE `activation_codes`
  MODIFY `id` bigint(20) UNSIGNED NOT NULL AUTO_INCREMENT, AUTO_INCREMENT=62;

--
-- AUTO_INCREMENT for table `categories`
--
ALTER TABLE `categories`
  MODIFY `id` bigint(20) UNSIGNED NOT NULL AUTO_INCREMENT, AUTO_INCREMENT=6;

--
-- AUTO_INCREMENT for table `cooperations`
--
ALTER TABLE `cooperations`
  MODIFY `id` bigint(20) UNSIGNED NOT NULL AUTO_INCREMENT, AUTO_INCREMENT=9;

--
-- AUTO_INCREMENT for table `migrations`
--
ALTER TABLE `migrations`
  MODIFY `id` int(10) UNSIGNED NOT NULL AUTO_INCREMENT, AUTO_INCREMENT=13;

--
-- AUTO_INCREMENT for table `personal_access_tokens`
--
ALTER TABLE `personal_access_tokens`
  MODIFY `id` bigint(20) UNSIGNED NOT NULL AUTO_INCREMENT, AUTO_INCREMENT=37;

--
-- AUTO_INCREMENT for table `pmethods`
--
ALTER TABLE `pmethods`
  MODIFY `id` bigint(20) UNSIGNED NOT NULL AUTO_INCREMENT, AUTO_INCREMENT=7;

--
-- AUTO_INCREMENT for table `posts`
--
ALTER TABLE `posts`
  MODIFY `id` bigint(20) UNSIGNED NOT NULL AUTO_INCREMENT, AUTO_INCREMENT=6;

--
-- AUTO_INCREMENT for table `provinces`
--
ALTER TABLE `provinces`
  MODIFY `id` int(11) NOT NULL AUTO_INCREMENT, AUTO_INCREMENT=32;

--
-- AUTO_INCREMENT for table `users`
--
ALTER TABLE `users`
  MODIFY `id` bigint(20) UNSIGNED NOT NULL AUTO_INCREMENT, AUTO_INCREMENT=3;

--
-- AUTO_INCREMENT for table `workinghours`
--
ALTER TABLE `workinghours`
  MODIFY `id` bigint(20) UNSIGNED NOT NULL AUTO_INCREMENT, AUTO_INCREMENT=9;

--
-- AUTO_INCREMENT for table `working_experiences`
--
ALTER TABLE `working_experiences`
  MODIFY `id` bigint(20) UNSIGNED NOT NULL AUTO_INCREMENT, AUTO_INCREMENT=13;

--
-- Constraints for dumped tables
--

--
-- Constraints for table `activation_codes`
--
ALTER TABLE `activation_codes`
  ADD CONSTRAINT `activation_codes_user_id_foreign` FOREIGN KEY (`user_id`) REFERENCES `users` (`id`) ON DELETE CASCADE;

--
-- Constraints for table `posts`
--
ALTER TABLE `posts`
  ADD CONSTRAINT `posts_category_id_foreign` FOREIGN KEY (`category_id`) REFERENCES `categories` (`id`),
  ADD CONSTRAINT `posts_cooperation_id_foreign` FOREIGN KEY (`cooperation_id`) REFERENCES `cooperations` (`id`),
  ADD CONSTRAINT `posts_pmethod_id_foreign` FOREIGN KEY (`pmethod_id`) REFERENCES `pmethods` (`id`),
  ADD CONSTRAINT `posts_working_experiences_id_foreign` FOREIGN KEY (`working_experiences_id`) REFERENCES `working_experiences` (`id`),
  ADD CONSTRAINT `posts_workinghours_id_foreign` FOREIGN KEY (`workinghours_id`) REFERENCES `workinghours` (`id`);
COMMIT;

/*!40101 SET CHARACTER_SET_CLIENT=@OLD_CHARACTER_SET_CLIENT */;
/*!40101 SET CHARACTER_SET_RESULTS=@OLD_CHARACTER_SET_RESULTS */;
/*!40101 SET COLLATION_CONNECTION=@OLD_COLLATION_CONNECTION */;
